<?xml version="1.0" encoding="utf-8"?>
<edmx:Edmx Version="1.0" xmlns:edmx="http://schemas.microsoft.com/ado/2007/06/edmx" xmlns:m="http://schemas.microsoft.com/ado/2007/08/dataservices/metadata" xmlns:sap="http://www.sap.com/Protocols/SAPData">
    <edmx:DataServices m:DataServiceVersion="2.0">
        <Schema Namespace="ZVVIP_OFFASSIGN_SRV" xml:lang="en" sap:schema-version="1" xmlns="http://schemas.microsoft.com/ado/2008/09/edm">
            <EntityType Name="Request" sap:content-version="1">
                <Key>
                    <PropertyRef Name="ReqNo"/>
                </Key>
                <Property Name="ReqNo" Type="Edm.String" Nullable="false" MaxLength="10" sap:unicode="false" sap:label="Official Assignment" sap:creatable="false" sap:updatable="false" sap:sortable="false" sap:filterable="false"/>
                <Property Name="Usrid" Type="Edm.String" Nullable="false" MaxLength="30" sap:unicode="false" sap:label="System ID" sap:creatable="false" sap:updatable="false" sap:sortable="false"/>
                <Property Name="Pernr" Type="Edm.String" Nullable="false" MaxLength="8" sap:unicode="false" sap:label="Personnel No." sap:creatable="false" sap:updatable="false" sap:sortable="false" sap:filterable="false"/>
                <Property Name="Begda" Type="Edm.DateTime" Precision="7" sap:unicode="false" sap:label="Start Date" sap:creatable="false" sap:updatable="false" sap:sortable="false" sap:filterable="false"/>
                <Property Name="Endda" Type="Edm.DateTime" Precision="7" sap:unicode="false" sap:label="End Date" sap:creatable="false" sap:updatable="false" sap:sortable="false" sap:filterable="false"/>
                <Property Name="IsMgrAppr" Type="Edm.Boolean" Nullable="false" sap:unicode="false" sap:label="is Manager Approval" sap:creatable="false" sap:updatable="false" sap:sortable="false" sap:filterable="false"/>
                <Property Name="Comments" Type="Edm.String" Nullable="false" MaxLength="150" sap:unicode="false" sap:label="Comments" sap:creatable="false" sap:updatable="false" sap:sortable="false" sap:filterable="false"/>
                <NavigationProperty Name="ReqAttachSet" Relationship="ZVVIP_OFFASSIGN_SRV.toAttach" FromRole="FromRole_toAttach" ToRole="ToRole_toAttach"/>
            </EntityType>
            <EntityType Name="EmpRequest" sap:content-version="1">
                <Key>
                    <PropertyRef Name="WiId"/>
                </Key>
                <Property Name="ReqNo" Type="Edm.String" Nullable="false" MaxLength="10" sap:unicode="false" sap:label="Official Assignment" sap:creatable="false" sap:updatable="false" sap:sortable="false" sap:filterable="false"/>
                <Property Name="ReqBy" Type="Edm.String" Nullable="false" MaxLength="30" sap:unicode="false" sap:label="System ID" sap:creatable="false" sap:updatable="false" sap:sortable="false" sap:filterable="false"/>
                <Property Name="Pernr" Type="Edm.String" Nullable="false" MaxLength="8" sap:unicode="false" sap:label="Personnel No." sap:creatable="false" sap:updatable="false" sap:sortable="false" sap:filterable="false"/>
                <Property Name="Begda" Type="Edm.DateTime" Nullable="false" Precision="7" sap:unicode="false" sap:label="Start Date" sap:creatable="false" sap:updatable="false" sap:sortable="false" sap:filterable="false"/>
                <Property Name="Endda" Type="Edm.DateTime" Nullable="false" Precision="7" sap:unicode="false" sap:label="End Date" sap:creatable="false" sap:updatable="false" sap:sortable="false" sap:filterable="false"/>
                <Property Name="ReqStat" Type="Edm.String" Nullable="false" MaxLength="10" sap:unicode="false" sap:label="Status" sap:creatable="false" sap:updatable="false" sap:sortable="false" sap:filterable="false"/>
                <Property Name="IsMgrAppr" Type="Edm.Boolean" Nullable="false" sap:unicode="false" sap:label="is Manager Approval" sap:creatable="false" sap:updatable="false" sap:sortable="false" sap:filterable="false"/>
                <Property Name="Comments" Type="Edm.String" Nullable="false" MaxLength="150" sap:unicode="false" sap:label="Comments" sap:creatable="false" sap:updatable="false" sap:sortable="false" sap:filterable="false"/>
                <Property Name="WiId" Type="Edm.String" Nullable="false" MaxLength="12" sap:unicode="false" sap:label="Work Item ID" sap:creatable="false" sap:updatable="false" sap:sortable="false" sap:filterable="false"/>
                <Property Name="ReqName" Type="Edm.String" Nullable="false" MaxLength="165" sap:unicode="false" sap:label="Name" sap:creatable="false" sap:updatable="false" sap:sortable="false" sap:filterable="false"/>
            </EntityType>
            <EntityType Name="ReqAttach" sap:content-version="1">
                <Key>
                    <PropertyRef Name="ReqNo"/>
                </Key>
                <Property Name="ReqNo" Type="Edm.String" Nullable="false" MaxLength="10" sap:unicode="false" sap:label="Official Assignment" sap:creatable="false" sap:updatable="false" sap:sortable="false" sap:filterable="false"/>
                <Property Name="WiId" Type="Edm.String" Nullable="false" MaxLength="12" sap:unicode="false" sap:label="Work Item ID" sap:creatable="false" sap:updatable="false" sap:sortable="false" sap:filterable="false"/>
                <Property Name="Filename" Type="Edm.String" Nullable="false" MaxLength="100" sap:unicode="false" sap:label="Character 100" sap:creatable="false" sap:updatable="false" sap:sortable="false" sap:filterable="false"/>
                <Property Name="Mimetype" Type="Edm.String" Nullable="false" MaxLength="100" sap:unicode="false" sap:label="Character 100" sap:creatable="false" sap:updatable="false" sap:sortable="false" sap:filterable="false"/>
                <Property Name="Afile" Type="Edm.Binary" Nullable="false" sap:unicode="false" sap:label="Binary String" sap:creatable="false" sap:updatable="false" sap:sortable="false" sap:filterable="false"/>
                <Property Name="AttId" Type="Edm.String" Nullable="false" MaxLength="46" sap:unicode="false" sap:label="Folder Entry ID (Obj+Fol+Forwarder Name)" sap:creatable="false" sap:updatable="false" sap:sortable="false" sap:filterable="false"/>
            </EntityType>
            <Association Name="toAttach" sap:content-version="1">
                <End Type="ZVVIP_OFFASSIGN_SRV.Request" Multiplicity="0..1" Role="FromRole_toAttach"/>
                <End Type="ZVVIP_OFFASSIGN_SRV.ReqAttach" Multiplicity="*" Role="ToRole_toAttach"/>
                <ReferentialConstraint>
                    <Principal Role="FromRole_toAttach">
                        <PropertyRef Name="ReqNo"/>
                    </Principal>
                    <Dependent Role="ToRole_toAttach">
                        <PropertyRef Name="ReqNo"/>
                    </Dependent>
                </ReferentialConstraint>
            </Association>
            <EntityContainer Name="ZVVIP_OFFASSIGN_SRV_Entities" m:IsDefaultEntityContainer="true" sap:supported-formats="atom json xlsx">
                <EntitySet Name="RequestSet" EntityType="ZVVIP_OFFASSIGN_SRV.Request" sap:creatable="false" sap:updatable="false" sap:deletable="false" sap:pageable="false" sap:content-version="1"/>
                <EntitySet Name="EmpRequestSet" EntityType="ZVVIP_OFFASSIGN_SRV.EmpRequest" sap:creatable="false" sap:updatable="false" sap:deletable="false" sap:pageable="false" sap:content-version="1"/>
                <EntitySet Name="ReqAttachSet" EntityType="ZVVIP_OFFASSIGN_SRV.ReqAttach" sap:creatable="false" sap:updatable="false" sap:deletable="false" sap:pageable="false" sap:content-version="1"/>
                <AssociationSet Name="toAttachSet" Association="ZVVIP_OFFASSIGN_SRV.toAttach" sap:creatable="false" sap:updatable="false" sap:deletable="false" sap:content-version="1">
                    <End EntitySet="RequestSet" Role="FromRole_toAttach"/>
                    <End EntitySet="ReqAttachSet" Role="ToRole_toAttach"/>
                </AssociationSet>
            </EntityContainer>
            <Annotation Term="Core.SchemaVersion" String="1.0.0" xmlns="http://docs.oasis-open.org/odata/ns/edm"/>
            <atom:link rel="self" href="http://vhcvlerdci.sap.mawared.qa:8000/sap/opu/odata/sap/ZVVIP_OFFASSIGN_SRV/$metadata" xmlns:atom="http://www.w3.org/2005/Atom"/>
            <atom:link rel="latest-version" href="http://vhcvlerdci.sap.mawared.qa:8000/sap/opu/odata/sap/ZVVIP_OFFASSIGN_SRV/$metadata" xmlns:atom="http://www.w3.org/2005/Atom"/>
        </Schema>
    </edmx:DataServices>
</edmx:Edmx>