{
  "generationParameters": {
    "generationDate": "Wed Sep 10 2025 12:05:53 GMT+0000 (Coordinated Universal Time)",
    "generatorPlatform": "SAP Business Application Studio",
    "serviceType": "SAP System (ABAP On-Premise)",
    "metadataFilename": "",
    "serviceUrl": "http://vhcvlerdci.sap.mawared.qa:8000/sap/opu/odata/sap/ZVVIP_OFFASSIGN_SRV",
    "appName": "com.adlsa.vvip.off.assg",
    "appTitle": "Official Assignment for VVIP",
    "appDescription": "An SAP Fiori application.",
    "appNamespace": "",
    "ui5Theme": "sap_horizon",
    "ui5Version": "1.120.25",
    "enableCodeAssist": false,
    "enableEslint": false,
    "enableTypeScript": false,
    "showMockDataInfo": true,
    "generatorVersion": "1.18.6",
    "template": "Basic V2",
    "generatorName": "SAP Fiori Application Generator",
    "entityRelatedConfig": [],
    "launchText": "To launch the generated application, run the following from the generated application root folder:\n\n```\n    npm start\n```"
  }
}
